method,target,score rank,score from,score to,probability (OOF)
v2,15,top 0%-1%,17.356,20.31,0.892
v2,15,top 1%-5%,16.088,17.356,0.714
v2,15,top 5%-10%,15.518,16.088,0.657
v2,15,top 10%-20%,14.608,15.518,0.557
v2,15,top 20%-30%,13.912,14.608,0.527
v2,15,top 30%-50%,12.468,13.912,0.384
v2,15,top 50%-100%,2.097,12.468,0.155
v2,18,top 0%-1%,17.356,20.31,0.5
v2,18,top 1%-5%,16.088,17.356,0.327
v2,18,top 5%-10%,15.518,16.088,0.283
v2,18,top 10%-20%,14.608,15.518,0.136
v2,18,top 20%-30%,13.912,14.608,0.135
v2,18,top 30%-50%,12.468,13.912,0.084
v2,18,top 50%-100%,2.097,12.468,0.022
v2,20,top 0%-1%,17.356,20.31,0.131
v2,20,top 1%-5%,16.088,17.356,0.029
v2,20,top 5%-10%,15.518,16.088,0.03
v2,20,top 10%-20%,14.608,15.518,0.011
v2,20,top 20%-30%,13.912,14.608,0.022
v2,20,top 30%-50%,12.468,13.912,0.007
v2,20,top 50%-100%,2.097,12.468,0.002
B (train without PCE < 5%),15,top 0%-1%,17.408,19.472,0.906
B (train without PCE < 5%),15,top 1%-5%,16.273,17.408,0.697
B (train without PCE < 5%),15,top 5%-10%,15.615,16.273,0.619
B (train without PCE < 5%),15,top 10%-20%,14.892,15.615,0.6
B (train without PCE < 5%),15,top 20%-30%,14.349,14.892,0.491
B (train without PCE < 5%),15,top 30%-50%,13.158,14.349,0.41
B (train without PCE < 5%),15,top 50%-100%,6.221,13.158,0.147
B (train without PCE < 5%),18,top 0%-1%,17.408,19.472,0.586
B (train without PCE < 5%),18,top 1%-5%,16.273,17.408,0.27
B (train without PCE < 5%),18,top 5%-10%,15.615,16.273,0.294
B (train without PCE < 5%),18,top 10%-20%,14.892,15.615,0.176
B (train without PCE < 5%),18,top 20%-30%,14.349,14.892,0.108
B (train without PCE < 5%),18,top 30%-50%,13.158,14.349,0.085
B (train without PCE < 5%),18,top 50%-100%,6.221,13.158,0.02
B (train without PCE < 5%),20,top 0%-1%,17.408,19.472,0.133
B (train without PCE < 5%),20,top 1%-5%,16.273,17.408,0.02
B (train without PCE < 5%),20,top 5%-10%,15.615,16.273,0.028
B (train without PCE < 5%),20,top 10%-20%,14.892,15.615,0.022
B (train without PCE < 5%),20,top 20%-30%,14.349,14.892,0.012
B (train without PCE < 5%),20,top 30%-50%,13.158,14.349,0.009
B (train without PCE < 5%),20,top 50%-100%,6.221,13.158,0.002
